<core:FragmentDefinition xmlns="sap.m"
    xmlns:core="sap.ui.core">
    <Dialog title="{newVersionModel>/title}" busy="{newVersionModel>/busy}" stretch="false" contentWidth="600px">
        <buttons>
            <Button text="{i18n>close}" press="onCloseVersionDialog" />
            <Button text="{i18n>save}" press="onCreateVersionClicked" enabled="{= ${newVersionModel>/validFromDate} &amp;&amp; ${newVersionModel>/validToDate} ? true : false }" />
        </buttons>
        <VBox>
            <VBox class="sapUiContentPadding">

                <Label text="Valid from Date" class="sapUiSmallMarginTop" />
                <DatePicker value="{newVersionModel>/validFromDate}" placeholder="Select date" valueFormat="yyyy-MM-ddThh:mm:sssZ" />

                <Label text="Valid to Date" class="sapUiSmallMarginTop" />
                <DatePicker value="{newVersionModel>/validToDate}" valueFormat="yyyy-MM-ddThh:mm:sssZ" placeholder="Select date" />

            </VBox>
        </VBox>
    </Dialog>
</core:FragmentDefinition>