<core:FragmentDefinition xmlns="sap.m"
    xmlns:core="sap.ui.core">
    <Dialog title="{detailsViewModel>/editLobDialog/title}" busy="{detailsViewModel>/editLobDialog/busy}" stretch="false" contentWidth="600px">
        <buttons>
            <Button text="{i18n>close}" press="onCloseEditLobDialog" />
            <Button text="{i18n>save}" press="onSaveLob" />
        </buttons>
        <VBox>
            <VBox class="sapUiContentPadding">
                <Label text="Status" />
                <ComboBox items="{/Status}" width="100%" selectedKey="{editLobData>/status}" placeholder="Select Status">
                    <core:Item key="{code}" text="{name}" />
                </ComboBox>
                <Label text="ID" class="sapUiSmallMarginTop" />
                <Input placeholder="Enter item ID" value="{editLobData>/extenalID}" />
                <Label text="Description" class="sapUiSmallMarginTop" />
                <Input placeholder="Enter item description" value="{editLobData>/description}" />

                <Label text="Service" class="sapUiSmallMarginTop" />
                <Input id="serviceInput" placeholder="Enter Service" textFormatMode="KeyValue" showSuggestion="true" showValueHelp="true" valueHelpRequest="onValueHelpRequest" value="{editLobData>/serviceNumberId}" suggestionItemSelected="onServiceSuggestionItemSelected" suggestionItems="{/ServiceData}">
                    <suggestionItems>
                        <core:ListItem text="{Name}" additionalText="{ID}" key="{ID}" />
                    </suggestionItems>
                    <customData>
                        <core:CustomData key="name" value="serviceInput" />
                    </customData>
                </Input>

                <Label text="Valid from Date" class="sapUiSmallMarginTop" />
                <DatePicker value="{editLobData>/validFrom}" placeholder="Select date" valueFormat="yyyy-MM-ddThh:mm:sssZ" />

                <Label text="Valid to Date" class="sapUiSmallMarginTop" />
                <DatePicker value="{editLobData>/validTo}" valueFormat="yyyy-MM-ddThh:mm:sssZ" placeholder="Select date" />

                <Label text="Price" class="sapUiSmallMarginTop" />
                <Input placeholder="Enter the item Price" type="Number" value="{editLobData>/price}" />

                <Label text="Currency" class="sapUiSmallMarginTop" />
                <Input placeholder="Enter the item Currency" value="{editLobData>/currency}" />
                <!-- <ComboBox items="{/TR_Currencies}" width="100%" selectedKey="{editLobData>/currency}" placeholder="Select Currency">
                    <core:Item key="{ID}" text="{Name}" />
                </ComboBox> -->



                <Label text="Quantity" class="sapUiSmallMarginTop" />
                <Input placeholder="Enter quantity" type="Number" value="{editLobData>/quantity}" />
            </VBox>
        </VBox>
    </Dialog>
</core:FragmentDefinition>