<core:FragmentDefinition xmlns="sap.m"
    xmlns:l="sap.ui.layout"
    xmlns:core="sap.ui.core" controllerName="airportprofile.controller.Charges">
    <Table inset="false" items="{
        path: 'items',
        parameters: {
            expand: 'status'
        },
        filters: [{
            path: 'lineOfBusiness',
            operator: 'EQ',
            value1: 'airport'
        }]
    }">
        <headerToolbar>
            <OverflowToolbar>
                <ToolbarSpacer />
                <Button text="Add Item" icon="sap-icon://add" press="onAddLobItem" visible="{detailsViewModel>/editable}" />
            </OverflowToolbar>
        </headerToolbar>
        <columns>

            <Column>
                <Text text="{i18n>id}" />
            </Column>
            <Column>
                <Text text="Status" />
            </Column>
            <Column minScreenWidth="Tablet" demandPopin="true">
                <Text text="Service" />
            </Column>
            <Column minScreenWidth="Tablet" demandPopin="true">
                <Text text="Description" />
            </Column>
            <Column>
                <Text text="Valid From" />
            </Column>
            <Column>
                <Text text="Valid To" />
            </Column>
            <Column>
                <Text text="Quantity" />
            </Column>
            <Column>
                <Text text="Price" />
            </Column>
            <Column hAlign="End">

            </Column>
        </columns>
        <items>
            <ColumnListItem vAlign="Middle">
                <cells>

                    <Text text="{extenalID}" />

                    <ObjectStatus text="{path: 'status/name'}" state="{path: 'status_code', formatter: '.formatter.vendorContratStatusState'}" />

                    <Text text="{serviceNumber_ID}" />
                    <Text text="{description}" />

                    <Text text="{lineOfBusiness}" visible="false" />

                    <Text text="{ path: 'validFrom',
                                    formatter: '.formatter.convertDate' }" />
                    <Text text="{ path: 'validTo',
                                    formatter: '.formatter.convertDate' }" />
                    <Text text="{quantity}" />

                    <ObjectNumber number="{price}" unit="{currency_ID}" />

                    <HBox>
                        <Button text="Formula" press="onBrfButtonPressed" visible="{= ${brf_id} &amp;&amp; !${detailsViewModel>/editable} ? true : false }" class="sapUiTinyMarginEnd" />
                        <Button icon="sap-icon://edit" class="sapUiTinyMarginEnd" visible="{detailsViewModel>/editable}" press="onEditLobItem" />
                        <Button icon="sap-icon://delete" visible="{detailsViewModel>/editable}" press="onDeleteLobItem" />
                    </HBox>
                </cells>
            </ColumnListItem>
        </items>
    </Table>
</core:FragmentDefinition>