<core:FragmentDefinition xmlns="sap.m"
    xmlns:l="sap.ui.layout"
    xmlns:core="sap.ui.core" controllerName="airportprofile.controller.Charges">
    <Table inset="false" items="{taskDetailsDataModel>/items}" mode="SingleSelectMaster" itemPress="onLobItemPressed">
        <columns>
            <Column>
                <Text text="{i18n>itemNumber}" />
            </Column>
            <Column>
                <Text text="{i18n>contract}" />
            </Column>
            <Column width="12em">
                <Text text="Status" />
            </Column>
            <Column>
                <Text text="{i18n>domInt}" />
            </Column>

            <Column>
                <Text text="{i18n>effectiveDate}" />
            </Column>
            <Column>
                <Text text="{i18n>autoConf}" />
            </Column>
            <Column>
                <Text text="{i18n>additional}" />
            </Column>
            <Column>
                <Text text="{i18n>applicableAt}" />
            </Column>
            <Column>
                <Text text="{i18n>tailNum}" />
            </Column>
            <Column>
                <Text text="{i18n>serviceType}" />
            </Column>
        </columns>
        <items>
            <ColumnListItem vAlign="Middle" type="Navigation" selected="{taskDetailsDataModel>selected}">
                <cells>
                    <Text text="{taskDetailsDataModel>ID}" />
                    <Button type="Transparent" text="{taskDetailsDataModel>purDoc/extenalID}" press="onContractIdPressed" />
                    <ObjectStatus text="{path: 'taskDetailsDataModel>status/name'}" state="{path: 'taskDetailsDataModel>status/code', formatter: '.formatter.vendorContratStatusState'}" />
                    <Text text="{
                        path: 'taskDetailsDataModel>domesticIntl/name'
                    }" />
                    <Text text="{taskDetailsDataModel>effectiveDate}" />
                    <CheckBox selected="{taskDetailsDataModel>jobIndicator}" editable="false" />
                    <CheckBox selected="{taskDetailsDataModel>additionalIndicator}" editable="false" />
                    <Text />
                    <Text text="{taskDetailsDataModel>tailNumber}" />
                    <Text text="{taskDetailsDataModel>serviceType/name}" />

                </cells>
            </ColumnListItem>
        </items>
    </Table>
</core:FragmentDefinition>