<core:FragmentDefinition xmlns="sap.m"
    xmlns:l="sap.ui.layout"
    xmlns:f="sap.ui.layout.form"
    xmlns:core="sap.ui.core">

    <Popover title="Contract Details" titleAlignment="Start" class="sapUiResponsivePadding" placement="Bottom" contentMinWidth="250px">

        <!-- HasActiveEntity: false
HasDraftEntity: false
ID: "08cda5d5-e570-476b-8a23-4f5a59a25c03"
IsActiveEntity: true
airport_ID: "FRA"
aribaIndicator: null
carrier_ID: "AV"
createdAt: null
createdBy: null
description: "Frankfurt Contract"
documentDate: "2021-12-01"
documentType: "airport"
extenalID: 1000000001
modifiedAt: null
modifiedBy: null
objectType: "contract"
purchaseOrganization_ID: "1000"
status_code: "A"
validFrom: "2021-12-01T00:00:00.000Z"
validTo: "2023-12-01T00:00:00.000Z"
vendor_ID: "0000001000" -->

        <f:SimpleForm editable="false" layout="ResponsiveGridLayout" labelSpanXL="6" labelSpanL="6" labelSpanM="6" labelSpanS="6" adjustLabelSpan="false" emptySpanXL="0" emptySpanL="0" emptySpanM="0" emptySpanS="0">
            <f:content>
                <Label text="{i18n>cpContractId}" />
                <Text text="{contractData>/extenalID}" />
                <Label text="{i18n>cpContractDescrition}" />
                <Text text="{contractData>/description}" />
                <Label text="{i18n>cpCarrierId}" />
                <Text text="{contractData>/carrier_ID}" />

            </f:content>
        </f:SimpleForm>

        <!-- <VBox>
            <HBox class="sapUiContentPadding" alignItems="End">
                <Text text="{i18n>cpContractId}" />
                <Text text="{contractData>/extenalID}" />
            </HBox>
            <HBox class="sapUiContentPadding" alignItems="End">
                <Text text="Desc" />
                <Text text="{contractData>/extenalID}" />
            </HBox>
        </VBox> -->

    </Popover>

</core:FragmentDefinition>