<core:FragmentDefinition xmlns="sap.m"
    xmlns:core="sap.ui.core">
    <Dialog title="{detailsViewModel>/editLobDialog/title}" busy="{detailsViewModel>/editLobDialog/busy}" stretch="false" contentWidth="600px">
        <buttons>
            <Button text="{i18n>close}" press="onCloseEditLobDialog" />
            <Button text="{i18n>save}" press="onSaveLob" />
        </buttons>
        <VBox>
            <VBox class="sapUiContentPadding">
                <Label text="Status" />
                <ComboBox items="{/Status}" width="100%" selectedKey="{editLobData>/status}" placeholder="Select status">
                    <core:Item key="{code}" text="{name}" />
                </ComboBox>
                <Label text="Description" class="sapUiSmallMarginTop" />
                <Input placeholder="Enter item description" value="{editLobData>/description}" />

                <Label text="Valid from Date" class="sapUiSmallMarginTop" />
                <DatePicker value="{editLobData>/validFrom}" placeholder="Select date" valueFormat="yyyy-MM-dd" />

                <Label text="Valid to Date" class="sapUiSmallMarginTop" />
                <DatePicker value="{editLobData>/validTo}" valueFormat="yyyy-MM-dd" placeholder="Select date" />

                <Label text="Price" class="sapUiSmallMarginTop" />
                <Input placeholder="Enter the item price" type="Number" value="{editLobData>/price}" />

                <Label text="Quantity" class="sapUiSmallMarginTop" />
                <Input placeholder="Enter quantity" type="Number" value="{editLobData>/quantity}" />
            </VBox>
        </VBox>
    </Dialog>
</core:FragmentDefinition>