<core:FragmentDefinition xmlns="sap.m"
    xmlns:l="sap.ui.layout"
    xmlns:core="sap.ui.core" controllerName="airportprofile.controller.Charges">
    <Table inset="false" items="{detailsModel>/header/items}">
        <headerToolbar>
            <OverflowToolbar>
                <ToolbarSpacer />
                <Button text="Add Item" icon="sap-icon://add" press="onAddLobItem" />
            </OverflowToolbar>
        </headerToolbar>
        <columns>
            <Column width="12em">
                <Text text="ID" />
            </Column>
            <Column width="12em">
                <Text text="Status" />
            </Column>
            <Column minScreenWidth="Tablet" demandPopin="true">
                <Text text="Description" />
            </Column>
            <Column>
                <Text text="Valid From" />
            </Column>
            <Column>
                <Text text="Valid To" />
            </Column>
            <Column>
                <Text text="Quantity" />
            </Column>
            <Column hAlign="End">
                <Text text="Price" />
            </Column>
            <Column hAlign="End">

            </Column>

        </columns>
        <items>
            <ColumnListItem vAlign="Middle">
                <cells>
                    <Text text="{detailsModel>ID}" />
                    <ObjectStatus text="{path: 'detailsModel>status', formatter: '.formatter.capitalizeText'}" state="{path: 'detailsModel>status', formatter: '.formatter.vendorContratStatusState'}" />
                    <Text text="{detailsModel>description}" />

                    <Text text="{ path: 'detailsModel>validFrom',
                                    formatter: '.formatter.convertDate' }" />
                    <Text text="{ path: 'detailsModel>validTo',
                                    formatter: '.formatter.convertDate' }" />
                    <Text text="{detailsModel>quantity}" />
                    <ObjectNumber number="{detailsModel>price}" unit="{detailsModel>currency_ID}" />

                    <Button text="Formula" press="onBrfButtonPressed" visible="{= ${detailsModel>brf_id} ? true : false }"/>
                </cells>
            </ColumnListItem>
        </items>
    </Table>
</core:FragmentDefinition>