<core:FragmentDefinition xmlns="sap.m"
    xmlns:core="sap.ui.core">
    <Dialog title="Services" stretch="false" contentWidth="450px">
        <endButton>
            <Button text="Add Selected" press="onAddSelectedServices" />
        </endButton>
        <beginButton>
            <Button text="{i18n>close}" press="onCloseServicesDialog" />
        </beginButton>
        <Table id="servicesTable" selectionChange="servicesTableSelectionChanged" busy="{servicesDialogModel>/busy}" mode="MultiSelect" items="{
            path: 'items'
        }">
            <columns>
                <Column>
                    <Text text="{i18n>status}" />
                </Column>
                <Column>
                    <Text text="{i18n>description}" />
                </Column>
            </columns>
            <items>
                <ColumnListItem>
                    <cells>
                        <ObjectStatus text="{path: 'status_code', formatter: '.formatter.capitalizeText'}" state="{path: 'status_code', formatter: '.formatter.vendorContratStatusState'}" />
                        <Text text="{description}" />
                    </cells>
                </ColumnListItem>
            </items>
        </Table>
    </Dialog>
</core:FragmentDefinition>