{
  "fragments/taskLobs.fragment.xml": 1643896260419,
  "controller/TaskDetails.controller.js": 1643897522130,
  "utils/locate-reuse-libs.js": 1639469358394,
  "utils/formatters.js": 1643893780005,
  "model/models.js": 1639469358398,
  "libs/moment.js": 1640085948952,
  "libs/lodash.js": 1640206581488,
  "controller/Vendors.controller.js": 1642610142631,
  "controller/TasksList.controller.js": 1643469370548,
  "manifest.json": 1643905378645,
  "controller/Services.controller.js": 1643897785505,
  "controller/Charges.controller.js": 1643028552281,
  "controller/BaseController.js": 1642516518674,
  "controller/App.controller.js": 1643469527629,
  "controller/Airports.controller.js": 1643537613696,
  "controller/Airport.controller.js": 1640542145850,
  "Component.js": 1642425190981,
  "manifest-bundle.zip": 1643905378660,
  "Component-preload.js": 1643905380232,
  "controller/Airports-dbg.controller.js": 1643537613696,
  "utils/formatters-dbg.js": 1643893780005,
  "model/models-dbg.js": 1639469358398,
  "libs/moment-dbg.js": 1640085948952,
  "libs/lodash-dbg.js": 1640206581488,
  "controller/Vendors-dbg.controller.js": 1642610142631,
  "controller/TasksList-dbg.controller.js": 1643469370548,
  "controller/TaskDetails-dbg.controller.js": 1643897522130,
  "controller/Services-dbg.controller.js": 1643897785505,
  "controller/Charges-dbg.controller.js": 1643028552281,
  "controller/BaseController-dbg.js": 1642516518674,
  "controller/App-dbg.controller.js": 1643469527629,
  "utils/locate-reuse-libs-dbg.js": 1639469358394,
  "controller/Airport-dbg.controller.js": 1640542145850,
  "Component-dbg.js": 1642425190981,
  "view/Vendors.view.xml": 1643469962221,
  "view/TasksList.view.xml": 1643469938849,
  "view/TaskDetails.view.xml": 1643479005210,
  "view/Services.view.xml": 1643898170880,
  "view/Charges.view.xml": 1642435929180,
  "view/App.view.xml": 1643476956181,
  "view/Airports.view.xml": 1643469946405,
  "view/Airport.view.xml": 1643476794604,
  "css/style.css": 1643222309518,
  "i18n/i18n.properties": 1643895680910,
  "fragments/servicesDialog.fragment.xml": 1643184458846,
  "fragments/lobs.fragment.xml": 1642577349286,
  "fragments/contractPopover.fragment.xml": 1643886987344,
  "assets/departure.png": 1643478035066,
  "assets/arrival.png": 1643478038930,
  "index.html": 1639469358390
}