{
  "controller/App-dbg.controller.js": 1639476485447,
  "controller/Airports.controller.js": 1639500115004,
  "utils/locate-reuse-libs.js": 1639469358394,
  "model/models.js": 1639469358398,
  "controller/BaseController.js": 1639480621467,
  "controller/App.controller.js": 1639476485447,
  "manifest.json": 1639507473077,
  "controller/AirportDetails.controller.js": 1639481095701,
  "Component.js": 1639469358390,
  "manifest-bundle.zip": 1639507473086,
  "Component-preload.js": 1639507473328,
  "i18n/i18n.properties": 1639480084862,
  "model/models-dbg.js": 1639469358398,
  "controller/BaseController-dbg.js": 1639480621467,
  "utils/locate-reuse-libs-dbg.js": 1639469358394,
  "controller/Airports-dbg.controller.js": 1639500115004,
  "controller/AirportDetails-dbg.controller.js": 1639481095701,
  "Component-dbg.js": 1639469358390,
  "view/App.view.xml": 1639476558063,
  "view/Airports.view.xml": 1639498602571,
  "view/AirportDetails.view.xml": 1639481033821,
  "css/style.css": 1639479402397,
  "index.html": 1639469358390
}