{
  "controller/Charges.controller.js": 1658400285263,
  "controller/Airports.controller.js": 1658400285263,
  "utils/routeUtils.js": 1658400285267,
  "utils/locate-reuse-libs.js": 1658400285267,
  "utils/formatters.js": 1658400285267,
  "utils/draftUtils.js": 1658400285267,
  "model/models.js": 1658400285267,
  "libs/moment.js": 1658400285267,
  "libs/lodash.js": 1658400285263,
  "controller/Vendors.controller.js": 1658400285263,
  "controller/TasksList.controller.js": 1658400285263,
  "controller/TaskDetails.controller.js": 1658400285263,
  "controller/Services.controller.js": 1658400285263,
  "i18n/i18n.properties": 1658400285263,
  "controller/BaseController.js": 1658400285263,
  "controller/App.controller.js": 1658400285263,
  "manifest.json": 1658746376123,
  "controller/Airport.controller.js": 1658400285263,
  "Component.js": 1658400285263,
  "manifest-bundle.zip": 1658746376149,
  "Component-preload.js": 1658746378062,
  "Component-dbg.js": 1658400285263,
  "utils/locate-reuse-libs-dbg.js": 1658400285267,
  "utils/formatters-dbg.js": 1658400285267,
  "utils/draftUtils-dbg.js": 1658400285267,
  "model/models-dbg.js": 1658400285267,
  "libs/moment-dbg.js": 1658400285267,
  "libs/lodash-dbg.js": 1658400285263,
  "controller/Vendors-dbg.controller.js": 1658400285263,
  "controller/TasksList-dbg.controller.js": 1658400285263,
  "controller/TaskDetails-dbg.controller.js": 1658400285263,
  "controller/Services-dbg.controller.js": 1658400285263,
  "controller/Charges-dbg.controller.js": 1658400285263,
  "controller/BaseController-dbg.js": 1658400285263,
  "controller/App-dbg.controller.js": 1658400285263,
  "controller/Airports-dbg.controller.js": 1658400285263,
  "controller/Airport-dbg.controller.js": 1658400285263,
  "utils/routeUtils-dbg.js": 1658400285267,
  "view/Vendors.view.xml": 1658400285267,
  "view/TasksList.view.xml": 1658400285267,
  "view/TaskDetails.view.xml": 1658400285267,
  "view/Services.view.xml": 1658400285267,
  "view/Charges.view.xml": 1658400285267,
  "view/App.view.xml": 1658400285267,
  "view/Airports.view.xml": 1658400285267,
  "view/Airport.view.xml": 1658400285267,
  "fragments/taskLobs.fragment.xml": 1658400285263,
  "fragments/servicesDialog.fragment.xml": 1658400285263,
  "fragments/lobs.fragment.xml": 1658400285263,
  "fragments/editablelobs.fragment.xml": 1658400285263,
  "fragments/editLob.fragment.xml": 1658400285263,
  "fragments/createVersion.fragment.xml": 1658400285263,
  "fragments/contractPopover.fragment.xml": 1658400285263,
  "fragments/ValueHelpDialog.fragment.xml": 1658400285263,
  "css/style.css": 1658400285263,
  "assets/departure.png": 1658400285263,
  "assets/arrival.png": 1658400285263,
  "index.html": 1658400285263
}