{
  "controller/BaseController-dbg.js": 1640202697210,
  "utils/locate-reuse-libs.js": 1639469358394,
  "manifest.json": 1641389329737,
  "utils/formatters.js": 1640203364304,
  "model/models.js": 1639469358398,
  "libs/moment.js": 1640085948952,
  "libs/lodash.js": 1640206581488,
  "controller/Vendors.controller.js": 1640543007884,
  "controller/Charges.controller.js": 1641118533881,
  "controller/BaseController.js": 1640202697210,
  "controller/App.controller.js": 1640542877335,
  "controller/Airports.controller.js": 1640543028216,
  "controller/Airport.controller.js": 1640542145850,
  "Component.js": 1640086010139,
  "manifest-bundle.zip": 1641389329816,
  "Component-preload.js": 1641389331748,
  "controller/Charges-dbg.controller.js": 1641118533881,
  "utils/formatters-dbg.js": 1640203364304,
  "model/models-dbg.js": 1639469358398,
  "libs/moment-dbg.js": 1640085948952,
  "libs/lodash-dbg.js": 1640206581488,
  "controller/Vendors-dbg.controller.js": 1640543007884,
  "utils/locate-reuse-libs-dbg.js": 1639469358394,
  "i18n/i18n.properties": 1641112929090,
  "controller/App-dbg.controller.js": 1640542877335,
  "controller/Airports-dbg.controller.js": 1640543028216,
  "controller/Airport-dbg.controller.js": 1640542145850,
  "Component-dbg.js": 1640086010139,
  "view/Vendors.view.xml": 1640106057707,
  "view/Charges.view.xml": 1641118396716,
  "view/App.view.xml": 1640543144593,
  "view/Airports.view.xml": 1640198072601,
  "view/Airport.view.xml": 1640542124105,
  "fragments/lobs.fragment.xml": 1641118642836,
  "css/style.css": 1639479402397,
  "index.html": 1639469358390
}