{
  "fragments/editablelobs.fragment.xml": 1645299080459,
  "manifest.json": 1645301603162,
  "utils/locate-reuse-libs.js": 1639469358394,
  "utils/formatters.js": 1643893780005,
  "model/models.js": 1639469358398,
  "libs/moment.js": 1640085948952,
  "libs/lodash.js": 1640206581488,
  "controller/Vendors.controller.js": 1645278236316,
  "controller/TasksList.controller.js": 1643469370548,
  "controller/TaskDetails.controller.js": 1643897522130,
  "controller/Services.controller.js": 1643897785505,
  "controller/Charges.controller.js": 1645296914216,
  "controller/BaseController.js": 1645195785443,
  "controller/App.controller.js": 1643469527629,
  "controller/Airports.controller.js": 1643537613696,
  "controller/Airport.controller.js": 1640542145850,
  "Component.js": 1642425190981,
  "manifest-bundle.zip": 1645301603175,
  "Component-preload.js": 1645301604685,
  "controller/App-dbg.controller.js": 1643469527629,
  "utils/formatters-dbg.js": 1643893780005,
  "model/models-dbg.js": 1639469358398,
  "libs/moment-dbg.js": 1640085948952,
  "libs/lodash-dbg.js": 1640206581488,
  "controller/Vendors-dbg.controller.js": 1645278236316,
  "controller/TasksList-dbg.controller.js": 1643469370548,
  "controller/TaskDetails-dbg.controller.js": 1643897522130,
  "controller/Services-dbg.controller.js": 1643897785505,
  "controller/Charges-dbg.controller.js": 1645296914216,
  "controller/BaseController-dbg.js": 1645195785443,
  "utils/locate-reuse-libs-dbg.js": 1639469358394,
  "controller/Airports-dbg.controller.js": 1643537613696,
  "controller/Airport-dbg.controller.js": 1640542145850,
  "Component-dbg.js": 1642425190981,
  "view/Vendors.view.xml": 1644855422491,
  "view/TasksList.view.xml": 1643469938849,
  "view/TaskDetails.view.xml": 1643479005210,
  "view/Services.view.xml": 1643898170880,
  "view/Charges.view.xml": 1645299033351,
  "view/App.view.xml": 1644336750349,
  "view/Airports.view.xml": 1643469946405,
  "view/Airport.view.xml": 1643476794604,
  "fragments/taskLobs.fragment.xml": 1643896260419,
  "fragments/servicesDialog.fragment.xml": 1643184458846,
  "fragments/lobs.fragment.xml": 1645299077247,
  "i18n/i18n.properties": 1644507190904,
  "fragments/editLob.fragment.xml": 1645291101757,
  "fragments/contractPopover.fragment.xml": 1643886987344,
  "css/style.css": 1643222309518,
  "assets/departure.png": 1643478035066,
  "assets/arrival.png": 1643478038930,
  "index.html": 1639469358390
}