{
  "controller/Services.controller.js": 1648711351111,
  "controller/TasksList.controller.js": 1648807980592,
  "utils/locate-reuse-libs.js": 1639469358394,
  "utils/formatters.js": 1643893780005,
  "utils/draftUtils.js": 1645516624286,
  "model/models.js": 1639469358398,
  "libs/moment.js": 1640085948952,
  "libs/lodash.js": 1640206581488,
  "controller/Vendors.controller.js": 1648720301661,
  "manifest.json": 1648808204462,
  "controller/TaskDetails.controller.js": 1648807944012,
  "i18n/i18n.properties": 1648143382053,
  "controller/Charges.controller.js": 1648807968292,
  "controller/BaseController.js": 1646672269106,
  "controller/App.controller.js": 1648707576243,
  "controller/Airports.controller.js": 1643537613696,
  "controller/Airport.controller.js": 1648807972648,
  "Component.js": 1642425190981,
  "manifest-bundle.zip": 1648808204477,
  "Component-preload.js": 1648808206340,
  "controller/Charges-dbg.controller.js": 1648807968292,
  "utils/formatters-dbg.js": 1643893780005,
  "utils/draftUtils-dbg.js": 1645516624286,
  "model/models-dbg.js": 1639469358398,
  "libs/moment-dbg.js": 1640085948952,
  "libs/lodash-dbg.js": 1640206581488,
  "controller/Vendors-dbg.controller.js": 1648720301661,
  "controller/TasksList-dbg.controller.js": 1648807980592,
  "controller/TaskDetails-dbg.controller.js": 1648807944012,
  "controller/Services-dbg.controller.js": 1648711351111,
  "utils/locate-reuse-libs-dbg.js": 1639469358394,
  "controller/BaseController-dbg.js": 1646672269106,
  "controller/App-dbg.controller.js": 1648707576243,
  "controller/Airports-dbg.controller.js": 1643537613696,
  "controller/Airport-dbg.controller.js": 1648807972648,
  "Component-dbg.js": 1642425190981,
  "view/Vendors.view.xml": 1646120350614,
  "view/TasksList.view.xml": 1643469938849,
  "view/TaskDetails.view.xml": 1648484079822,
  "view/Services.view.xml": 1648667150052,
  "view/Charges.view.xml": 1646682594211,
  "view/App.view.xml": 1644336750349,
  "view/Airports.view.xml": 1643469946405,
  "view/Airport.view.xml": 1643476794604,
  "fragments/taskLobs.fragment.xml": 1643896260419,
  "fragments/servicesDialog.fragment.xml": 1648573264845,
  "fragments/lobs.fragment.xml": 1646153016543,
  "fragments/editablelobs.fragment.xml": 1645474238108,
  "fragments/editLob.fragment.xml": 1645686861582,
  "fragments/createVersion.fragment.xml": 1648135662702,
  "fragments/contractPopover.fragment.xml": 1645515524843,
  "fragments/ValueHelpDialog.fragment.xml": 1645382887575,
  "css/style.css": 1643222309518,
  "assets/departure.png": 1643478035066,
  "assets/arrival.png": 1643478038930,
  "index.html": 1639469358390
}