{
  "view/App.view.xml": 1640075171960,
  "controller/BaseController.js": 1640202697210,
  "utils/locate-reuse-libs.js": 1639469358394,
  "utils/formatters.js": 1640203364304,
  "model/models.js": 1639469358398,
  "libs/moment.js": 1640085948952,
  "libs/lodash.js": 1640206581488,
  "controller/Vendors.controller.js": 1640274861330,
  "controller/Charges.controller.js": 1640274892851,
  "manifest.json": 1640274925958,
  "controller/App.controller.js": 1640075805461,
  "controller/Airports.controller.js": 1640198104693,
  "Component.js": 1640086010139,
  "manifest-bundle.zip": 1640274925968,
  "Component-preload.js": 1640274927182,
  "controller/Vendors-dbg.controller.js": 1640274861330,
  "utils/formatters-dbg.js": 1640203364304,
  "model/models-dbg.js": 1639469358398,
  "libs/moment-dbg.js": 1640085948952,
  "libs/lodash-dbg.js": 1640206581488,
  "utils/locate-reuse-libs-dbg.js": 1639469358394,
  "controller/Charges-dbg.controller.js": 1640274892851,
  "controller/BaseController-dbg.js": 1640202697210,
  "controller/App-dbg.controller.js": 1640075805461,
  "controller/Airports-dbg.controller.js": 1640198104693,
  "Component-dbg.js": 1640086010139,
  "view/Vendors.view.xml": 1640106057707,
  "view/Charges.view.xml": 1640208557077,
  "i18n/i18n.properties": 1640206701810,
  "view/Airports.view.xml": 1640198072601,
  "css/style.css": 1639479402397,
  "index.html": 1639469358390
}