{
  "i18n/i18n.properties": 1641112929090,
  "controller/TasksList.controller.js": 1642610255044,
  "utils/locate-reuse-libs.js": 1639469358394,
  "utils/formatters.js": 1640203364304,
  "model/models.js": 1639469358398,
  "libs/moment.js": 1640085948952,
  "libs/lodash.js": 1640206581488,
  "controller/Vendors.controller.js": 1642610142631,
  "manifest.json": 1642879374464,
  "controller/TaskDetails.controller.js": 1642611123849,
  "controller/Charges.controller.js": 1642516051945,
  "controller/BaseController.js": 1642516518674,
  "controller/App.controller.js": 1642605077149,
  "controller/Airports.controller.js": 1642516464838,
  "controller/Airport.controller.js": 1640542145850,
  "Component.js": 1642425190981,
  "manifest-bundle.zip": 1642879374479,
  "Component-preload.js": 1642879375879,
  "Component-dbg.js": 1642425190981,
  "utils/formatters-dbg.js": 1640203364304,
  "model/models-dbg.js": 1639469358398,
  "libs/moment-dbg.js": 1640085948952,
  "libs/lodash-dbg.js": 1640206581488,
  "controller/Vendors-dbg.controller.js": 1642610142631,
  "controller/TasksList-dbg.controller.js": 1642610255044,
  "controller/TaskDetails-dbg.controller.js": 1642611123849,
  "controller/Charges-dbg.controller.js": 1642516051945,
  "controller/BaseController-dbg.js": 1642516518674,
  "controller/App-dbg.controller.js": 1642605077149,
  "controller/Airports-dbg.controller.js": 1642516464838,
  "controller/Airport-dbg.controller.js": 1640542145850,
  "utils/locate-reuse-libs-dbg.js": 1639469358394,
  "view/Vendors.view.xml": 1642435780211,
  "view/TasksList.view.xml": 1642426869211,
  "view/TaskDetails.view.xml": 1642607267766,
  "view/Charges.view.xml": 1642435929180,
  "view/App.view.xml": 1642419268211,
  "view/Airports.view.xml": 1642515831373,
  "view/Airport.view.xml": 1640542124105,
  "fragments/taskLobs.fragment.xml": 1642610343872,
  "fragments/lobs.fragment.xml": 1642577349286,
  "css/style.css": 1639479402397,
  "index.html": 1639469358390
}